label,frequency_proportion
token_contrastive,0.5300751879699248
token_phon,0.33892423366107577
token_constrastive_phon,0.6393889798145117
token_phoneme_subs,0.7991452991452992
token_consonant_drops,0.24871794871794872
token_phon_contrastive_noun,0.28205128205128205
type_contrastive,0.932258064516129
type_phon,0.4612903225806452
type_constrastive_phon,0.49480968858131485
